﻿{
  "AssemblyName": "TabletopTweaks-Core.dll",
  "Author": "Sean Petrie",
  "DisplayName": "Tabletop Tweaks Core",
  "EntryMethod": "TabletopTweaks.Core.Main.Load",
  "GameVersion": "2.5.0",
  "HomePage": "https://github.com/Vek17/TabletopTweaks-Core",
  "Id": "TabletopTweaks-Core",
  "ManagerVersion": "0.23.0",
  "Repository": "https://raw.githubusercontent.com/Vek17/TabletopTweaks-Core/master/Repository.json",
  "Requirements": [],
  "LoadAfter": [ "MewsiferConsole.Mod" ],
  "Version": "0.7.12"
}