{
  "LocalizedStrings": [
    {
      "Key": "0852b76141e34f5dac891869d390a1a8",
      "SimpleName": "AbilityRequirementHasBlackBlade.UI",
      "ProcessTemplates": false,
      "enGB": "You must be wielding your Black Blade",
      "ruRU": "Вы должны держать свой Чёрный Клинок",
      "deDE": null,
      "frFR": null,
      "zhCN": "你必须持有黑刃",
      "esES": null
    },
    {
      "Key": "29a03fd78b924ea8b0e1fdb5a359c961",
      "SimpleName": "AbilityTargetNoSplitHexRepeat.UI",
      "ProcessTemplates": false,
      "enGB": "Cannot target the same unit twice with Split Hex.",
      "ruRU": null,
      "deDE": null,
      "frFR": null,
      "zhCN": "分裂巫术不能瞄准同一个目标两次",
      "esES": null
    },
    {
      "Key": "94b904b51b6349f9bcf2172bc0acfe61",
      "SimpleName": "PrerequisiteCasterLevel.UI",
      "ProcessTemplates": false,
      "enGB": "Deity has Alignment of:\n",
      "ruRU": null,
      "deDE": null,
      "frFR": null,
      "zhCN": "神祇拥有阵营：\n",
      "esES": null
    },
    {
      "Key": "2aef03f8a49443c08086a6ebcf70ed49",
      "SimpleName": "PrerequisiteCasterLevel.UI",
      "ProcessTemplates": false,
      "enGB": "Has a caster level of:",
      "ruRU": "Уровень заклинателя:",
      "deDE": null,
      "frFR": null,
      "zhCN": "拥有施法者等级",
      "esES": null
    },
    {
      "Key": "6e5f6c01caeb47c3b9475bddd2a1c091",
      "SimpleName": "PrerequisiteMythicSpellbook.UI",
      "ProcessTemplates": false,
      "enGB": "Can cast spells of level",
      "ruRU": "Способен творить мифические заклинания",
      "deDE": null,
      "frFR": null,
      "zhCN": "可以释放法术等级",
      "esES": null
    },
    {
      "Key": "826fefe21fa44072b7592b54baa1ff6c",
      "SimpleName": "PrerequisiteMythicSpellbook.UI",
      "ProcessTemplates": false,
      "enGB": "or higher from mythic spellbook",
      "ruRU": "-го уровня или выше",
      "deDE": null,
      "frFR": null,
      "zhCN": "或者更高的神话法术",
      "esES": null
    },
    {
      "Key": "6d3dc6294de743b9aedeb4d657dfdbf4",
      "SimpleName": "PrerequisiteMythicSpellbook.UI",
      "ProcessTemplates": false,
      "enGB": "Has mythic spellbook",
      "ruRU": "Способен творить мифические заклинания",
      "deDE": null,
      "frFR": null,
      "zhCN": "拥有神话法术书",
      "esES": null
    },
    {
      "Key": "b7259d6dce9b43d3b34f9827007c4f1a",
      "SimpleName": "PrerequisiteNoClassLevelVisible.UI",
      "ProcessTemplates": false,
      "enGB": "Has no levels in the class:",
      "ruRU": "Нету уровней в классе",
      "deDE": null,
      "frFR": null,
      "zhCN": "没有职业等级在：",
      "esES": null
    },
    {
      "Key": "615f88ff125e456b89902ca29579d839",
      "SimpleName": "PrerequisiteNoFeaturesFromList.UI",
      "ProcessTemplates": false,
      "enGB": "Doesn't have more than",
      "ruRU": "Не более",
      "deDE": null,
      "frFR": null,
      "zhCN": "不多于",
      "esES": null
    },
    {
      "Key": "8109ee4cad63454f9e3d255a5e8282df",
      "SimpleName": "PrerequisiteNoFeaturesFromList.UI",
      "ProcessTemplates": false,
      "enGB": "Doesn't have any of the following features",
      "ruRU": "Нет ни одной из следующих черт",
      "deDE": null,
      "frFR": null,
      "zhCN": "没有以下任何特性",
      "esES": null
    },
    {
      "Key": "bf9508385306477eadd550cf93ffa4a3",
      "SimpleName": "PrerequisiteNoFeaturesFromList.UI",
      "ProcessTemplates": false,
      "enGB": "of the following features",
      "ruRU": "черт из списка",
      "deDE": null,
      "frFR": null,
      "zhCN": "在以下特性",
      "esES": null
    },
    {
      "Key": "1bbee6d432754db4abe93ff099de2b06",
      "SimpleName": "PrerequisiteSize.UI",
      "ProcessTemplates": false,
      "enGB": "Is Size",
      "ruRU": "Размер:",
      "deDE": null,
      "frFR": null,
      "zhCN": "体型",
      "esES": null
    },
    {
      "Key": "69a8bccf071c441881115972f6bcf31c",
      "SimpleName": "PrerequisiteSpellbook.UI",
      "ProcessTemplates": false,
      "enGB": "Has spellbook:",
      "ruRU": "Может творить заклинания из следующих магических книг следующих классов:",
      "deDE": null,
      "frFR": null,
      "zhCN": "拥有法术书：",
      "esES": null
    },
    {
      "Key": "d048f347efdb4389963354673aecb7ef",
      "SimpleName": "PrerequisiteSpellbook.UI",
      "ProcessTemplates": false,
      "enGB": "or higher from spellbook:",
      "ruRU": "-го уровня или выше из магической книги класса: ",
      "deDE": null,
      "frFR": null,
      "zhCN": "或者更高级法术书：",
      "esES": null
    },
    {
      "Key": "4e397597bb664054834e420aa867f6de",
      "SimpleName": "PrerequisiteSpellBookType.UI",
      "ProcessTemplates": false,
      "enGB": "spells of level",
      "ruRU": "заклинания",
      "deDE": null,
      "frFR": null,
      "zhCN": "法术等级",
      "esES": null
    },
    {
      "Key": "330d8611eaa749cdbae7d85d7074271c",
      "SimpleName": "PrerequisiteSpellBookType.UI",
      "ProcessTemplates": false,
      "enGB": "or higher",
      "ruRU": "-го уровня или выше",
      "deDE": null,
      "frFR": null,
      "zhCN": "或更高",
      "esES": null
    },
    {
      "Key": "77598060058c447f9c073beb57e01b64",
      "SimpleName": "PrerequisiteSpellBookType.UI",
      "ProcessTemplates": false,
      "enGB": "Can cast",
      "ruRU": "Может творить",
      "deDE": null,
      "frFR": null,
      "zhCN": "可以施法",
      "esES": null
    },
    {
      "Key": "40a59f2f7d704e4090d790aec7d3b2a5",
      "SimpleName": "PrerequisiteSpellKnown.UI",
      "ProcessTemplates": false,
      "enGB": "Can cast spell:",
      "ruRU": "Может творить заклинания:",
      "deDE": null,
      "frFR": null,
      "zhCN": "可以释放法术：",
      "esES": null
    },
    {
      "Key": "07fe8b3b84f84d60bcf4cdffcdedb5b3",
      "SimpleName": "PrerequisiteStatBonus.UI",
      "ProcessTemplates": false,
      "enGB": "Has",
      "ruRU": "Не менее",
      "deDE": null,
      "frFR": null,
      "zhCN": "拥有",
      "esES": null
    },
    {
      "Key": "a39e08aad95e4930b45bc0fd1b6fdf60",
      "SimpleName": "PrerequisiteStatBonus.UI",
      "ProcessTemplates": false,
      "enGB": "bonus",
      "ruRU": "бонус",
      "deDE": null,
      "frFR": null,
      "zhCN": "加值",
      "esES": null
    },
    {
      "Key": "310501de8cf3408f83754ce57e1aad57",
      "SimpleName": "PrerequisiteStatValues.UI",
      "ProcessTemplates": false,
      "enGB": "six",
      "ruRU": "шести",
      "deDE": null,
      "frFR": null,
      "zhCN": "六",
      "esES": null
    },
    {
      "Key": "b3d0dd185a9e43b6a3c58bba24e7e30d",
      "SimpleName": "PrerequisiteStatValues.UI",
      "ProcessTemplates": false,
      "enGB": "rank",
      "ruRU": "очка",
      "deDE": null,
      "frFR": null,
      "zhCN": "阶层",
      "esES": null
    },
    {
      "Key": "b00be35dc8ff464399e9a0bf1353156f",
      "SimpleName": "PrerequisiteStatValues.UI",
      "ProcessTemplates": false,
      "enGB": "ranks",
      "ruRU": "очков",
      "deDE": null,
      "frFR": null,
      "zhCN": "阶层",
      "esES": null
    },
    {
      "Key": "3b27e47ec5ca4f51817516a409d468e8",
      "SimpleName": "PrerequisiteStatValues.UI",
      "ProcessTemplates": false,
      "enGB": "in",
      "ruRU": "в",
      "deDE": null,
      "frFR": null,
      "zhCN": "在",
      "esES": null
    },
    {
      "Key": "b1e6a0062ff24a4fbe59d8d695a2af49",
      "SimpleName": "PrerequisiteStatValues.UI",
      "ProcessTemplates": false,
      "enGB": "two",
      "ruRU": "двух",
      "deDE": null,
      "frFR": null,
      "zhCN": "二",
      "esES": null
    },
    {
      "Key": "a895ec2c719c41be9c0decc4bc49bf6c",
      "SimpleName": "PrerequisiteStatValues.UI",
      "ProcessTemplates": false,
      "enGB": "three",
      "ruRU": "трёх",
      "deDE": null,
      "frFR": null,
      "zhCN": "三",
      "esES": null
    },
    {
      "Key": "cb164420e9d042248d4443d7624c8ed9",
      "SimpleName": "PrerequisiteStatValues.UI",
      "ProcessTemplates": false,
      "enGB": "five",
      "ruRU": "пяти",
      "deDE": null,
      "frFR": null,
      "zhCN": "五",
      "esES": null
    },
    {
      "Key": "481cca87891846e9a0c49885927cabc3",
      "SimpleName": "PrerequisiteStatValues.UI",
      "ProcessTemplates": false,
      "enGB": "one",
      "ruRU": "одного",
      "deDE": null,
      "frFR": null,
      "zhCN": "一",
      "esES": null
    },
    {
      "Key": "58a4a9c9f8fb456a980d6031d1a159cd",
      "SimpleName": "PrerequisiteStatValues.UI",
      "ProcessTemplates": false,
      "enGB": "seven",
      "ruRU": "семи",
      "deDE": null,
      "frFR": null,
      "zhCN": "七",
      "esES": null
    },
    {
      "Key": "8c93421c79f549ec8cb5408f75e6960a",
      "SimpleName": "PrerequisiteStatValues.UI",
      "ProcessTemplates": false,
      "enGB": "eight",
      "ruRU": "восьми",
      "deDE": null,
      "frFR": null,
      "zhCN": "八",
      "esES": null
    },
    {
      "Key": "a14d3e1dfc8e4b2ab83279b46e13c637",
      "SimpleName": "PrerequisiteStatValues.UI",
      "ProcessTemplates": false,
      "enGB": "nine",
      "ruRU": "девяти",
      "deDE": null,
      "frFR": null,
      "zhCN": "九",
      "esES": null
    },
    {
      "Key": "14b9762eba4e4bbf98963acdc4d3f352",
      "SimpleName": "PrerequisiteStatValues.UI",
      "ProcessTemplates": false,
      "enGB": "four",
      "ruRU": "четырёх",
      "deDE": null,
      "frFR": null,
      "zhCN": "四",
      "esES": null
    },
    {
      "Key": "d48b5a5006e748bf941c07d5d6c0d008",
      "SimpleName": "PrerequisiteStatValues.UI",
      "ProcessTemplates": false,
      "enGB": "of the following skills:",
      "ruRU": "в следующих навыках:",
      "deDE": null,
      "frFR": null,
      "zhCN": "以下技能：",
      "esES": null
    }
  ]
}
